{
  "class_names": [
    "Green Light",
    "Red Light",
    "Speed Limit 10",
    "Speed Limit 100",
    "Speed Limit 110",
    "Speed Limit 120",
    "Speed Limit 20",
    "Speed Limit 30",
    "Speed Limit 40",
    "Speed Limit 50",
    "Speed Limit 60",
    "Speed Limit 70",
    "Speed Limit 80",
    "Speed Limit 90",
    "Stop"
  ],
  "precision": [
    0.8394018287832875,
    0.7773630869640625,
    0.5922886092791682,
    0.936098690779373,
    0.8228228472056144,
    0.8526058633521669,
    1.0,
    0.8706048217579155,
    0.874239024869229,
    0.758674776017306,
    0.9637762036381264,
    0.9241861733758724,
    0.9354514464722877,
    0.8402721121915611,
    0.9715864973158108
  ],
  "recall": [
    0.8363636363636363,
    0.7127659574468085,
    0.5179105518916696,
    0.9565217391304348,
    0.9047619047619048,
    1.0,
    0.9511899112247779,
    0.8666666666666667,
    0.9622641509433962,
    0.8802644050446018,
    0.9555555555555556,
    0.8301886792452831,
    0.9836065573770492,
    0.9285421065751711,
    1.0
  ],
  "ap50": [
    0.8703502387791817,
    0.7101594217171461,
    0.8300000000000002,
    0.9853625208929238,
    0.9376065162907269,
    0.987186573854348,
    0.9733673469387755,
    0.9591887541795372,
    0.9721724137931035,
    0.9180732464778065,
    0.9729591836734693,
    0.9449461562402739,
    0.9818967074187275,
    0.9353462102588894,
    0.995
  ],
  "ap": [
    0.47960134036297253,
    0.41641929587732934,
    0.6480000000000001,
    0.8429801098509477,
    0.7789709877635265,
    0.8553516113270268,
    0.8724704976727533,
    0.8381378276127105,
    0.8330829462845237,
    0.7866616558275294,
    0.8604087475657692,
    0.7985199746668694,
    0.8492253062970461,
    0.7373227752264035,
    0.9076457996591346
  ],
  "map50": 0.9315743527009939,
  "map": 0.7669865917329696,
  "confusion_matrix": [
    [
      93.0,
      2.0,
      0.0,
      0.0,
      0.0,
      0.0,
      0.0,
      0.0,
      0.0,
      0.0,
      0.0,
      0.0,
      0.0,
      0.0,
      0.0,
      14.0
    ],
    [
      0.0,
      65.0,
      0.0,
      0.0,
      0.0,
      0.0,
      0.0,
      0.0,
      0.0,
      0.0,
      0.0,
      0.0,
      0.0,
      0.0,
      0.0,
      21.0
    ],
    [
      0.0,
      0.0,
      1.0,
      0.0,
      0.0,
      0.0,
      0.0,
      0.0,
      0.0,
      0.0,
      0.0,
      0.0,
      0.0,
      0.0,
      0.0,
      1.0
    ],
    [
      0.0,
      0.0,
      0.0,
      41.0,
      2.0,
      0.0,
      0.0,
      0.0,
      0.0,
      0.0,
      0.0,
      0.0,
      0.0,
      0.0,
      0.0,
      3.0
    ],
    [
      0.0,
      0.0,
      0.0,
      1.0,
      17.0,
      0.0,
      0.0,
      0.0,
      0.0,
      0.0,
      0.0,
      0.0,
      0.0,
      0.0,
      0.0,
      5.0
    ],
    [
      0.0,
      0.0,
      0.0,
      2.0,
      1.0,
      43.0,
      1.0,
      0.0,
      0.0,
      0.0,
      0.0,
      0.0,
      0.0,
      1.0,
      0.0,
      3.0
    ],
    [
      0.0,
      0.0,
      0.0,
      0.0,
      0.0,
      0.0,
      41.0,
      0.0,
      0.0,
      0.0,
      0.0,
      0.0,
      0.0,
      0.0,
      0.0,
      2.0
    ],
    [
      0.0,
      0.0,
      1.0,
      0.0,
      0.0,
      0.0,
      0.0,
      50.0,
      1.0,
      1.0,
      1.0,
      0.0,
      0.0,
      0.0,
      0.0,
      5.0
    ],
    [
      0.0,
      0.0,
      0.0,
      0.0,
      0.0,
      0.0,
      0.0,
      1.0,
      50.0,
      1.0,
      1.0,
      0.0,
      0.0,
      0.0,
      0.0,
      5.0
    ],
    [
      0.0,
      0.0,
      0.0,
      1.0,
      0.0,
      0.0,
      2.0,
      1.0,
      0.0,
      44.0,
      0.0,
      2.0,
      0.0,
      0.0,
      0.0,
      7.0
    ],
    [
      0.0,
      0.0,
      0.0,
      0.0,
      0.0,
      0.0,
      0.0,
      1.0,
      0.0,
      0.0,
      40.0,
      0.0,
      0.0,
      0.0,
      0.0,
      3.0
    ],
    [
      0.0,
      0.0,
      0.0,
      0.0,
      0.0,
      1.0,
      0.0,
      0.0,
      1.0,
      0.0,
      1.0,
      44.0,
      0.0,
      0.0,
      0.0,
      0.0
    ],
    [
      0.0,
      0.0,
      0.0,
      0.0,
      1.0,
      0.0,
      0.0,
      0.0,
      0.0,
      0.0,
      1.0,
      0.0,
      57.0,
      0.0,
      0.0,
      4.0
    ],
    [
      0.0,
      0.0,
      0.0,
      1.0,
      0.0,
      0.0,
      0.0,
      0.0,
      0.0,
      2.0,
      0.0,
      0.0,
      3.0,
      30.0,
      0.0,
      1.0
    ],
    [
      0.0,
      0.0,
      0.0,
      0.0,
      0.0,
      0.0,
      0.0,
      0.0,
      0.0,
      0.0,
      0.0,
      0.0,
      0.0,
      0.0,
      50.0,
      1.0
    ],
    [
      17.0,
      27.0,
      1.0,
      0.0,
      0.0,
      0.0,
      2.0,
      7.0,
      1.0,
      2.0,
      1.0,
      7.0,
      1.0,
      3.0,
      0.0,
      0.0
    ]
  ],
  "pr_curves": {}
}